[
	{
		"name": "Shan",
		"leaderName": "Emperor Huangdi",
		"adjective": ["Shanmen"],
		"preferredVictoryType": "Cultural",
		
		"startIntroPart1": "May the blessings of heaven be upon you, O great Nebuchadnezzar, father of mighty and ancient Babylon! Young was the world when Sargon built Babylon some five thousand years ago, long did it grow and prosper, gaining its first empire the eighteenth century BC, under godlike Hammurabi, the giver of law. Although conquered by the Kassites and then by the Assyrians, Babylon endured, emerging phoenix-like from its ashes of destruction and regaining its independence despite its many enemies. Truly was Babylon the center of arts and learning in the ancient world. O Nebuchadnezzar, your empire endured but a short time after your death, falling to the mighty Persians, and then to the Greeks, until the great city was destroyed by 141 BC.",
		"startIntroPart2": "But is Babylon indeed gone forever, great Nebuchadnezzar? Your people look to you to bring the empire back to life once more. Will you accept the challenge? Will you build a civilization that will stand the test of time?",
		
		"declaringWar": "Prepare to be smited down, evil dragon!",
		"attacked": "My empire is vast, my army is mighty! You are simply oblivious.",
		"defeated": "It's the heavens that want me to die, not the sin of war...",
		"introduction": "Have you come from the far ends of the world?",
		
		"neutralHello": "Welcome to my court, stranger!",
		"hateHello": "The air is anything but calm and serene.",
		
		"tradeRequest": "Come forward, tributary; let us engage in this exchange!",
				
		"outerColor": [0,234,86],
		"innerColor": [188,0,0],
		"unique": "ART_OF_WAR",
		"cities": ["Qinghou","Fucheng","Nanxiang","Xianyang","Tancho","Qujing","Guangshui","Dangwang","Tansu","Yuerao",
			"Guihua","Jinhai","Altankhaan","Danzhou","Hengzuishan","Bulanshir","Liaoguan","Quyang","Gwadong","Dandong",
			"Qinghua","Ontai","Dangsu","Sujing","Zhaomay","Khyalryngol","Xuzuishan","Shizuiyuan","Zhenyang","Tenghar",
			"Tanyong","Fengchun","Shangmen","Hengyuan","Qinzou","Salran","Taiding","Tenghai","Chutai","Quanxing"]
	}
]
